Season,TeamID,Rank
2026,3101,107
2026,3102,230
2026,3103,292
2026,3104,27
2026,3105,199
2026,3106,300
2026,3107,184
2026,3108,301
2026,3110,321
2026,3111,187
2026,3112,122
2026,3113,53
2026,3114,235
2026,3115,328
2026,3116,109
2026,3117,95
2026,3119,119
2026,3120,79
2026,3122,165
2026,3123,66
2026,3124,30
2026,3125,99
2026,3126,343
2026,3127,178
2026,3129,110
2026,3130,245
2026,3131,284
2026,3132,190
2026,3133,160
2026,3135,130
2026,3136,147
2026,3137,302
2026,3138,316
2026,3139,136
2026,3140,58
2026,3141,114
2026,3142,344
2026,3167,287
2026,3168,197
2026,3169,281
2026,3143,56
2026,3144,218
2026,3145,336
2026,3146,106
2026,3148,361
2026,3158,102
2026,3149,325
2026,3150,166
2026,3151,201
2026,3152,345
2026,3153,105
2026,3155,38
2026,3156,146
2026,3157,133
2026,3159,320
2026,3160,45
2026,3161,75
2026,3162,54
2026,3163,1
2026,3164,277
2026,3165,304
2026,3166,93
2026,3170,225
2026,3171,309
2026,3172,74
2026,3173,179
2026,3174,232
2026,3175,349
2026,3176,298
2026,3177,207
2026,3178,308
2026,3179,233
2026,3180,155
2026,3181,9
2026,3182,241
2026,3183,317
2026,3184,112
2026,3185,193
2026,3186,224
2026,3187,117
2026,3188,255
2026,3189,206
2026,3190,247
2026,3191,278
2026,3192,135
2026,3193,50
2026,3194,237
2026,3195,174
2026,3196,48
2026,3197,341
2026,3198,180
2026,3199,108
2026,3200,256
2026,3201,163
2026,3202,254
2026,3203,161
2026,3204,70
2026,3205,323
2026,3206,62
2026,3207,87
2026,3208,35
2026,3209,215
2026,3210,84
2026,3211,64
2026,3212,313
2026,3213,127
2026,3214,314
2026,3217,65
2026,3218,144
2026,3219,124
2026,3220,293
2026,3221,167
2026,3222,177
2026,3223,303
2026,3224,157
2026,3225,104
2026,3226,116
2026,3227,198
2026,3228,32
2026,3229,152
2026,3230,262
2026,3231,57
2026,3232,306
2026,3233,275
2026,3234,10
2026,3235,33
2026,3236,151
2026,3237,252
2026,3238,311
2026,3239,139
2026,3240,223
2026,3241,49
2026,3242,47
2026,3243,59
2026,3244,244
2026,3245,168
2026,3246,16
2026,3247,169
2026,3248,283
2026,3249,182
2026,3250,185
2026,3251,150
2026,3252,258
2026,3253,333
2026,3254,272
2026,3255,211
2026,3256,88
2026,3257,11
2026,3258,113
2026,3259,259
2026,3260,200
2026,3261,5
2026,3262,347
2026,3263,148
2026,3264,295
2026,3265,299
2026,3266,67
2026,3267,97
2026,3268,15
2026,3269,96
2026,3270,92
2026,3271,253
2026,3272,214
2026,3273,260
2026,3274,52
2026,3275,73
2026,3276,6
2026,3277,14
2026,3278,8
2026,3279,20
2026,3280,40
2026,3281,89
2026,3282,290
2026,3283,123
2026,3284,188
2026,3285,273
2026,3286,68
2026,3287,196
2026,3288,352
2026,3290,354
2026,3291,274
2026,3292,171
2026,3293,90
2026,3294,141
2026,3295,44
2026,3296,318
2026,3297,183
2026,3298,121
2026,3299,266
2026,3300,315
2026,3301,25
2026,3303,355
2026,3304,26
2026,3305,236
2026,3306,280
2026,3307,118
2026,3308,289
2026,3309,350
2026,3310,360
2026,3311,267
2026,3312,189
2026,3313,221
2026,3314,17
2026,3315,329
2026,3316,294
2026,3317,101
2026,3318,296
2026,3319,250
2026,3320,128
2026,3321,129
2026,3322,229
2026,3323,24
2026,3324,261
2026,3325,175
2026,3326,18
2026,3328,13
2026,3329,28
2026,3330,149
2026,3331,186
2026,3332,23
2026,3333,83
2026,3334,205
2026,3335,125
2026,3336,85
2026,3337,115
2026,3338,257
2026,3339,132
2026,3340,307
2026,3341,358
2026,3342,363
2026,3343,43
2026,3344,153
2026,3345,72
2026,3346,81
2026,3347,216
2026,3348,51
2026,3349,61
2026,3350,37
2026,3351,334
2026,3352,208
2026,3353,159
2026,3354,359
2026,3355,42
2026,3356,285
2026,3357,305
2026,3358,164
2026,3359,288
2026,3360,271
2026,3361,69
2026,3362,176
2026,3363,319
2026,3364,145
2026,3365,77
2026,3367,346
2026,3368,340
2026,3369,249
2026,3370,339
2026,3371,60
2026,3372,170
2026,3373,279
2026,3374,209
2026,3375,204
2026,3376,3
2026,3377,111
2026,3378,76
2026,3379,194
2026,3380,220
2026,3381,158
2026,3382,212
2026,3384,357
2026,3385,100
2026,3386,86
2026,3387,228
2026,3388,173
2026,3389,342
2026,3390,46
2026,3391,172
2026,3392,234
2026,3393,39
2026,3394,338
2026,3395,12
2026,3396,138
2026,3397,21
2026,3398,330
2026,3399,210
2026,3400,4
2026,3401,63
2026,3402,246
2026,3403,31
2026,3404,248
2026,3405,156
2026,3406,240
2026,3407,71
2026,3408,181
2026,3409,143
2026,3410,203
2026,3411,337
2026,3412,191
2026,3413,162
2026,3414,78
2026,3415,243
2026,3416,142
2026,3417,2
2026,3418,322
2026,3419,154
2026,3420,192
2026,3421,332
2026,3422,276
2026,3423,326
2026,3424,103
2026,3425,22
2026,3426,217
2026,3427,140
2026,3428,55
2026,3429,286
2026,3430,195
2026,3431,270
2026,3433,231
2026,3434,356
2026,3435,7
2026,3436,82
2026,3437,34
2026,3438,36
2026,3439,41
2026,3441,351
2026,3442,91
2026,3443,291
2026,3444,264
2026,3447,324
2026,3448,120
2026,3449,29
2026,3450,238
2026,3451,263
2026,3452,19
2026,3453,98
2026,3454,310
2026,3455,268
2026,3456,227
2026,3457,312
2026,3458,80
2026,3459,213
2026,3460,297
2026,3461,251
2026,3462,202
2026,3463,269
2026,3464,134
2026,3465,137
2026,3466,239
2026,3467,219
2026,3468,362
2026,3469,265
2026,3470,222
2026,3471,126
2026,3472,242
2026,3473,94
2026,3474,327
2026,3475,131
2026,3476,335
2026,3477,282
2026,3478,353
2026,3479,331
2026,3480,226
2026,3481,348
2025,3101,160
2025,3102,167
2025,3103,298
2025,3104,15
2025,3105,219
2025,3106,355
2025,3107,115
2025,3108,314
2025,3110,350
2025,3111,221
2025,3112,56
2025,3113,140
2025,3114,232
2025,3115,351
2025,3116,138
2025,3117,155
2025,3119,164
2025,3120,59
2025,3122,241
2025,3123,71
2025,3124,16
2025,3125,60
2025,3126,322
2025,3127,256
2025,3129,151
2025,3130,75
2025,3131,295
2025,3132,153
2025,3133,206
2025,3135,182
2025,3136,252
2025,3137,176
2025,3138,100
2025,3139,121
2025,3140,83
2025,3141,196
2025,3142,260
2025,3143,38
2025,3144,163
2025,3145,332
2025,3146,168
2025,3148,334
2025,3149,310
2025,3150,249
2025,3151,177
2025,3152,346
2025,3153,88
2025,3155,64
2025,3156,111
2025,3157,112
2025,3158,101
2025,3159,146
2025,3160,57
2025,3161,87
2025,3162,42
2025,3163,1
2025,3164,188
2025,3165,245
2025,3166,30
2025,3167,347
2025,3168,327
2025,3169,353
2025,3170,213
2025,3171,311
2025,3172,86
2025,3173,159
2025,3174,234
2025,3175,361
2025,3176,251
2025,3177,124
2025,3178,271
2025,3179,67
2025,3180,183
2025,3181,7
2025,3182,129
2025,3183,171
2025,3184,173
2025,3185,324
2025,3186,214
2025,3187,130
2025,3188,329
2025,3189,265
2025,3190,174
2025,3191,312
2025,3192,169
2025,3193,49
2025,3194,236
2025,3195,62
2025,3196,54
2025,3197,281
2025,3198,268
2025,3199,24
2025,3200,195
2025,3201,186
2025,3202,246
2025,3203,244
2025,3204,202
2025,3205,317
2025,3206,45
2025,3207,122
2025,3208,107
2025,3209,216
2025,3210,29
2025,3211,110
2025,3212,258
2025,3213,63
2025,3214,320
2025,3217,37
2025,3218,141
2025,3219,204
2025,3220,266
2025,3221,149
2025,3222,181
2025,3223,336
2025,3224,178
2025,3225,144
2025,3226,200
2025,3227,152
2025,3228,31
2025,3229,118
2025,3230,208
2025,3231,39
2025,3232,285
2025,3233,306
2025,3234,28
2025,3235,34
2025,3236,89
2025,3237,289
2025,3238,288
2025,3239,227
2025,3240,230
2025,3241,52
2025,3242,77
2025,3243,9
2025,3244,239
2025,3245,103
2025,3246,19
2025,3247,291
2025,3248,315
2025,3249,96
2025,3250,99
2025,3251,93
2025,3252,184
2025,3253,226
2025,3254,360
2025,3255,253
2025,3256,198
2025,3257,35
2025,3258,235
2025,3259,282
2025,3260,278
2025,3261,10
2025,3262,345
2025,3263,224
2025,3264,218
2025,3265,240
2025,3266,58
2025,3267,191
2025,3268,25
2025,3269,145
2025,3270,321
2025,3271,237
2025,3272,194
2025,3273,319
2025,3274,85
2025,3275,135
2025,3276,27
2025,3277,21
2025,3278,36
2025,3279,12
2025,3280,33
2025,3281,65
2025,3282,277
2025,3283,70
2025,3284,247
2025,3285,205
2025,3286,55
2025,3287,316
2025,3288,330
2025,3290,344
2025,3291,212
2025,3292,51
2025,3293,61
2025,3294,199
2025,3295,127
2025,3296,242
2025,3297,243
2025,3298,175
2025,3299,147
2025,3300,341
2025,3301,17
2025,3303,259
2025,3304,41
2025,3305,222
2025,3306,301
2025,3307,156
2025,3308,148
2025,3309,292
2025,3310,354
2025,3311,201
2025,3312,275
2025,3313,78
2025,3314,20
2025,3315,231
2025,3316,340
2025,3317,104
2025,3318,359
2025,3319,90
2025,3320,82
2025,3321,119
2025,3322,193
2025,3323,4
2025,3324,309
2025,3325,335
2025,3326,18
2025,3328,13
2025,3329,26
2025,3330,161
2025,3331,97
2025,3332,40
2025,3333,133
2025,3334,180
2025,3335,162
2025,3336,92
2025,3337,283
2025,3338,132
2025,3339,80
2025,3340,318
2025,3341,342
2025,3342,352
2025,3343,50
2025,3344,137
2025,3345,139
2025,3346,98
2025,3347,305
2025,3348,114
2025,3349,128
2025,3350,32
2025,3351,326
2025,3352,263
2025,3353,113
2025,3354,362
2025,3355,44
2025,3356,339
2025,3357,300
2025,3358,262
2025,3359,274
2025,3360,286
2025,3361,106
2025,3362,143
2025,3363,284
2025,3364,215
2025,3365,210
2025,3367,348
2025,3368,94
2025,3369,331
2025,3370,343
2025,3371,66
2025,3372,91
2025,3373,225
2025,3374,125
2025,3375,307
2025,3376,2
2025,3377,267
2025,3378,73
2025,3379,272
2025,3380,185
2025,3381,303
2025,3382,337
2025,3384,349
2025,3385,74
2025,3386,53
2025,3387,203
2025,3388,190
2025,3389,297
2025,3390,48
2025,3391,270
2025,3392,276
2025,3393,81
2025,3394,238
2025,3395,8
2025,3396,95
2025,3397,14
2025,3398,299
2025,3399,131
2025,3400,3
2025,3401,109
2025,3402,248
2025,3403,84
2025,3404,209
2025,3405,123
2025,3406,250
2025,3407,117
2025,3408,126
2025,3409,134
2025,3410,217
2025,3411,287
2025,3412,170
2025,3413,150
2025,3414,158
2025,3415,220
2025,3416,136
2025,3417,5
2025,3418,166
2025,3419,197
2025,3420,290
2025,3421,356
2025,3422,142
2025,3423,280
2025,3424,46
2025,3425,6
2025,3426,207
2025,3427,69
2025,3428,23
2025,3429,304
2025,3430,211
2025,3431,261
2025,3433,154
2025,3434,233
2025,3435,22
2025,3436,102
2025,3437,72
2025,3438,68
2025,3439,47
2025,3441,255
2025,3442,229
2025,3443,116
2025,3444,257
2025,3447,357
2025,3448,105
2025,3449,43
2025,3450,120
2025,3451,228
2025,3452,11
2025,3453,76
2025,3454,294
2025,3455,189
2025,3456,293
2025,3457,323
2025,3458,108
2025,3459,172
2025,3460,308
2025,3461,79
2025,3462,264
2025,3463,328
2025,3464,296
2025,3465,254
2025,3466,269
2025,3467,273
2025,3468,223
2025,3469,333
2025,3470,165
2025,3471,187
2025,3472,192
2025,3473,179
2025,3474,313
2025,3475,157
2025,3476,325
2025,3477,302
2025,3478,358
2025,3479,338
2025,3480,279
2024,3101,189
2024,3102,204
2024,3103,253
2024,3104,32
2024,3105,272
2024,3106,355
2024,3107,160
2024,3108,311
2024,3110,294
2024,3111,169
2024,3112,35
2024,3113,111
2024,3114,242
2024,3115,196
2024,3116,75
2024,3117,174
2024,3119,314
2024,3120,45
2024,3122,188
2024,3123,76
2024,3124,18
2024,3125,78
2024,3126,248
2024,3127,230
2024,3129,130
2024,3130,80
2024,3131,239
2024,3132,176
2024,3133,330
2024,3135,165
2024,3136,279
2024,3137,275
2024,3138,185
2024,3139,133
2024,3140,82
2024,3141,317
2024,3142,164
2024,3143,59
2024,3144,198
2024,3145,251
2024,3146,151
2024,3148,343
2024,3149,319
2024,3150,131
2024,3151,106
2024,3152,357
2024,3153,92
2024,3155,91
2024,3156,83
2024,3157,228
2024,3158,148
2024,3159,213
2024,3160,16
2024,3161,98
2024,3162,57
2024,3163,2
2024,3164,263
2024,3165,268
2024,3166,24
2024,3167,301
2024,3168,250
2024,3169,338
2024,3170,291
2024,3171,332
2024,3172,81
2024,3173,245
2024,3174,192
2024,3175,351
2024,3176,257
2024,3177,103
2024,3178,238
2024,3179,65
2024,3180,162
2024,3181,20
2024,3182,125
2024,3183,256
2024,3184,180
2024,3185,322
2024,3186,77
2024,3187,116
2024,3188,328
2024,3189,288
2024,3190,187
2024,3191,342
2024,3192,318
2024,3193,89
2024,3194,224
2024,3195,54
2024,3196,60
2024,3197,316
2024,3198,179
2024,3199,43
2024,3200,184
2024,3201,211
2024,3202,261
2024,3203,183
2024,3204,217
2024,3205,349
2024,3206,63
2024,3207,86
2024,3208,95
2024,3209,205
2024,3210,68
2024,3211,12
2024,3212,225
2024,3213,93
2024,3214,339
2024,3217,88
2024,3218,144
2024,3219,270
2024,3220,297
2024,3221,186
2024,3222,101
2024,3223,348
2024,3224,226
2024,3225,182
2024,3226,221
2024,3227,158
2024,3228,49
2024,3229,121
2024,3230,222
2024,3231,14
2024,3232,249
2024,3233,306
2024,3234,5
2024,3235,33
2024,3236,142
2024,3237,280
2024,3238,100
2024,3239,241
2024,3240,255
2024,3241,105
2024,3242,38
2024,3243,15
2024,3244,258
2024,3245,113
2024,3246,149
2024,3247,292
2024,3248,321
2024,3249,126
2024,3250,246
2024,3251,134
2024,3252,194
2024,3253,206
2024,3254,354
2024,3255,341
2024,3256,171
2024,3257,23
2024,3258,218
2024,3259,267
2024,3260,166
2024,3261,8
2024,3262,334
2024,3263,112
2024,3264,243
2024,3265,325
2024,3266,40
2024,3267,73
2024,3268,31
2024,3269,284
2024,3270,352
2024,3271,234
2024,3272,128
2024,3273,197
2024,3274,51
2024,3275,300
2024,3276,48
2024,3277,22
2024,3278,66
2024,3279,36
2024,3280,47
2024,3281,85
2024,3282,271
2024,3283,108
2024,3284,157
2024,3285,97
2024,3286,154
2024,3287,240
2024,3288,327
2024,3290,347
2024,3291,283
2024,3292,39
2024,3293,107
2024,3294,170
2024,3295,110
2024,3296,244
2024,3297,231
2024,3298,295
2024,3299,145
2024,3300,310
2024,3301,13
2024,3303,278
2024,3304,25
2024,3305,195
2024,3306,298
2024,3307,152
2024,3308,212
2024,3309,277
2024,3310,201
2024,3311,260
2024,3312,307
2024,3313,122
2024,3314,37
2024,3315,287
2024,3316,290
2024,3317,87
2024,3318,315
2024,3319,119
2024,3320,96
2024,3321,191
2024,3322,276
2024,3323,7
2024,3324,254
2024,3325,265
2024,3326,9
2024,3328,28
2024,3329,58
2024,3330,124
2024,3331,135
2024,3332,99
2024,3333,17
2024,3334,140
2024,3335,155
2024,3336,27
2024,3337,336
2024,3338,161
2024,3339,104
2024,3340,326
2024,3341,337
2024,3342,299
2024,3343,34
2024,3344,117
2024,3345,71
2024,3346,274
2024,3347,293
2024,3348,79
2024,3349,102
2024,3350,53
2024,3351,333
2024,3352,331
2024,3353,153
2024,3354,358
2024,3355,55
2024,3356,210
2024,3357,214
2024,3358,305
2024,3359,259
2024,3360,209
2024,3361,143
2024,3362,156
2024,3363,285
2024,3364,220
2024,3365,69
2024,3367,313
2024,3368,177
2024,3369,304
2024,3370,308
2024,3371,64
2024,3372,147
2024,3373,181
2024,3374,132
2024,3375,309
2024,3376,1
2024,3377,139
2024,3378,109
2024,3379,138
2024,3380,227
2024,3381,273
2024,3382,289
2024,3384,360
2024,3385,84
2024,3386,62
2024,3387,150
2024,3388,208
2024,3389,345
2024,3390,4
2024,3391,247
2024,3392,72
2024,3393,44
2024,3394,167
2024,3395,46
2024,3396,94
2024,3397,30
2024,3398,296
2024,3399,223
2024,3400,3
2024,3401,41
2024,3402,215
2024,3403,74
2024,3404,219
2024,3405,67
2024,3406,175
2024,3407,114
2024,3408,159
2024,3409,115
2024,3410,312
2024,3411,340
2024,3412,163
2024,3413,168
2024,3414,123
2024,3415,203
2024,3416,90
2024,3417,6
2024,3418,172
2024,3419,137
2024,3420,302
2024,3421,335
2024,3422,207
2024,3423,353
2024,3424,26
2024,3425,10
2024,3426,190
2024,3427,136
2024,3428,11
2024,3429,344
2024,3430,281
2024,3431,229
2024,3433,70
2024,3434,303
2024,3435,56
2024,3436,141
2024,3437,52
2024,3438,61
2024,3439,19
2024,3441,350
2024,3442,235
2024,3443,173
2024,3444,237
2024,3447,356
2024,3448,129
2024,3449,42
2024,3450,29
2024,3451,282
2024,3452,21
2024,3453,50
2024,3454,202
2024,3455,216
2024,3456,178
2024,3457,329
2024,3458,127
2024,3459,193
2024,3460,199
2024,3461,118
2024,3462,320
2024,3463,252
2024,3464,233
2024,3465,120
2024,3466,266
2024,3467,323
2024,3468,286
2024,3469,200
2024,3470,264
2024,3471,232
2024,3472,236
2024,3473,324
2024,3474,346
2024,3475,146
2024,3476,359
2024,3477,262
2024,3478,269
2023,3101,160
2023,3102,181
2023,3103,191
2023,3104,29
2023,3105,303
2023,3106,299
2023,3107,187
2023,3108,313
2023,3110,298
2023,3111,227
2023,3112,27
2023,3113,115
2023,3116,48
2023,3117,251
2023,3115,273
2023,3119,283
2023,3120,85
2023,3122,167
2023,3123,76
2023,3124,32
2023,3468,288
2023,3125,81
2023,3126,295
2023,3127,280
2023,3129,171
2023,3130,87
2023,3131,119
2023,3132,73
2023,3133,337
2023,3135,239
2023,3136,334
2023,3137,237
2023,3138,212
2023,3139,124
2023,3140,105
2023,3142,259
2023,3167,278
2023,3168,208
2023,3169,269
2023,3143,82
2023,3465,139
2023,3144,262
2023,3145,317
2023,3146,330
2023,3148,347
2023,3141,284
2023,3158,279
2023,3149,356
2023,3150,200
2023,3151,165
2023,3152,358
2023,3153,195
2023,3155,58
2023,3156,69
2023,3157,209
2023,3159,236
2023,3160,23
2023,3161,89
2023,3162,47
2023,3163,2
2023,3164,300
2023,3165,253
2023,3166,18
2023,3171,312
2023,3172,156
2023,3173,214
2023,3174,182
2023,3175,348
2023,3176,270
2023,3177,61
2023,3178,335
2023,3179,52
2023,3180,123
2023,3181,10
2023,3182,141
2023,3187,90
2023,3190,172
2023,3183,210
2023,3184,211
2023,3185,230
2023,3186,130
2023,3189,265
2023,3191,275
2023,3193,250
2023,3192,124
2023,3194,217
2023,3195,36
2023,3198,222
2023,3196,83
2023,3197,331
2023,3199,24
2023,3200,94
2023,3201,235
2023,3202,301
2023,3205,137
2023,3206,174
2023,3203,150
2023,3207,106
2023,3208,33
2023,3204,175
2023,3209,248
2023,3210,77
2023,3211,44
2023,3212,293
2023,3213,142
2023,3453,70
2023,3214,256
2023,3216,361
2023,3217,78
2023,3218,147
2023,3219,231
2023,3220,296
2023,3221,155
2023,3222,72
2023,3223,306
2023,3224,252
2023,3225,207
2023,3226,225
2023,3228,41
2023,3229,88
2023,3230,271
2023,3231,5
2023,3232,226
2023,3233,149
2023,3234,6
2023,3235,13
2023,3237,177
2023,3238,99
2023,3239,244
2023,3240,203
2023,3241,101
2023,3242,37
2023,3243,65
2023,3244,232
2023,3245,109
2023,3246,80
2023,3247,162
2023,3248,327
2023,3249,196
2023,3250,197
2023,3251,108
2023,3473,354
2023,3252,204
2023,3114,201
2023,3253,116
2023,3254,342
2023,3255,346
2023,3418,194
2023,3256,120
2023,3257,20
2023,3260,272
2023,3259,315
2023,3258,286
2023,3261,3
2023,3263,206
2023,3264,254
2023,3265,281
2023,3266,42
2023,3267,188
2023,3268,14
2023,3271,314
2023,3270,308
2023,3272,66
2023,3273,193
2023,3467,324
2023,3274,50
2023,3275,240
2023,3276,26
2023,3277,45
2023,3292,28
2023,3454,216
2023,3278,104
2023,3280,39
2023,3290,359
2023,3281,56
2023,3283,114
2023,3284,220
2023,3285,158
2023,3286,121
2023,3287,333
2023,3288,266
2023,3291,302
2023,3293,131
2023,3298,355
2023,3304,43
2023,3305,228
2023,3306,343
2023,3307,102
2023,3308,168
2023,3309,316
2023,3310,247
2023,3311,353
2023,3312,309
2023,3313,163
2023,3466,213
2023,3314,21
2023,3299,218
2023,3300,307
2023,3301,17
2023,3315,184
2023,3295,186
2023,3316,341
2023,3317,199
2023,3318,146
2023,3319,122
2023,3294,249
2023,3296,189
2023,3320,62
2023,3297,145
2023,3321,128
2023,3322,326
2023,3323,8
2023,3324,274
2023,3325,287
2023,3326,16
2023,3328,38
2023,3329,46
2023,3330,152
2023,3279,25
2023,3303,263
2023,3331,221
2023,3332,19
2023,3333,54
2023,3334,144
2023,3335,117
2023,3336,92
2023,3337,202
2023,3338,107
2023,3339,79
2023,3340,246
2023,3341,290
2023,3342,319
2023,3343,40
2023,3344,127
2023,3345,49
2023,3236,242
2023,3474,345
2023,3346,153
2023,3347,289
2023,3348,71
2023,3349,98
2023,3350,95
2023,3351,323
2023,3352,285
2023,3353,166
2023,3170,86
2023,3357,258
2023,3382,328
2023,3383,332
2023,3384,352
2023,3385,55
2023,3386,97
2023,3387,135
2023,3388,183
2023,3389,357
2023,3472,234
2023,3358,215
2023,3359,261
2023,3360,132
2023,3361,91
2023,3362,129
2023,3363,264
2023,3365,134
2023,3370,294
2023,3371,64
2023,3373,229
2023,3188,322
2023,3374,84
2023,3375,338
2023,3376,1
2023,3354,360
2023,3367,349
2023,3377,223
2023,3355,34
2023,3378,35
2023,3369,267
2023,3368,159
2023,3380,257
2023,3356,173
2023,3475,282
2023,3379,185
2023,3381,133
2023,3390,4
2023,3372,63
2023,3391,260
2023,3476,336
2023,3392,179
2023,3393,57
2023,3470,268
2023,3395,136
2023,3396,125
2023,3397,15
2023,3398,320
2023,3399,169
2023,3404,238
2023,3400,11
2023,3401,111
2023,3477,255
2023,3394,198
2023,3411,339
2023,3402,151
2023,3403,75
2023,3405,67
2023,3406,164
2023,3407,140
2023,3408,93
2023,3409,113
2023,3412,192
2023,3413,176
2023,3414,118
2023,3415,291
2023,3471,241
2023,3364,154
2023,3416,148
2023,3417,22
2023,3227,190
2023,3419,329
2023,3269,59
2023,3262,321
2023,3420,276
2023,3282,311
2023,3421,344
2023,3422,277
2023,3423,318
2023,3424,51
2023,3425,31
2023,3426,180
2023,3428,7
2023,3429,340
2023,3469,170
2023,3430,325
2023,3431,112
2023,3410,243
2023,3427,161
2023,3434,292
2023,3435,100
2023,3433,233
2023,3436,143
2023,3437,12
2023,3438,53
2023,3439,9
2023,3447,305
2023,3448,74
2023,3449,68
2023,3450,30
2023,3451,310
2023,3452,60
2023,3441,350
2023,3442,297
2023,3443,126
2023,3444,245
2023,3455,103
2023,3456,224
2023,3457,351
2023,3458,110
2023,3459,178
2023,3460,304
2023,3461,96
2023,3462,219
2023,3463,205
2023,3464,157
2022,3101,214
2022,3102,128
2022,3103,148
2022,3104,53
2022,3105,283
2022,3106,290
2022,3107,180
2022,3108,353
2022,3110,184
2022,3111,215
2022,3112,22
2022,3113,49
2022,3116,34
2022,3117,220
2022,3115,265
2022,3119,252
2022,3120,96
2022,3122,178
2022,3123,113
2022,3124,8
2022,3468,336
2022,3125,45
2022,3126,335
2022,3127,289
2022,3129,248
2022,3130,47
2022,3131,165
2022,3132,124
2022,3133,269
2022,3135,320
2022,3136,328
2022,3137,100
2022,3138,64
2022,3139,338
2022,3140,11
2022,3142,313
2022,3167,288
2022,3168,238
2022,3169,260
2022,3143,90
2022,3465,134
2022,3144,212
2022,3145,327
2022,3146,325
2022,3148,337
2022,3141,287
2022,3158,168
2022,3149,355
2022,3150,92
2022,3151,305
2022,3152,316
2022,3153,195
2022,3155,111
2022,3156,137
2022,3157,213
2022,3159,319
2022,3160,32
2022,3161,121
2022,3162,104
2022,3163,4
2022,3164,258
2022,3165,301
2022,3166,31
2022,3171,344
2022,3172,126
2022,3173,43
2022,3174,98
2022,3175,356
2022,3176,278
2022,3177,58
2022,3178,332
2022,3469,311
2022,3179,80
2022,3180,89
2022,3181,52
2022,3182,158
2022,3187,153
2022,3190,329
2022,3183,198
2022,3184,268
2022,3185,242
2022,3186,281
2022,3189,183
2022,3191,285
2022,3193,102
2022,3192,222
2022,3194,284
2022,3195,39
2022,3198,192
2022,3196,48
2022,3197,351
2022,3199,55
2022,3200,72
2022,3201,182
2022,3202,247
2022,3205,253
2022,3206,236
2022,3203,207
2022,3207,228
2022,3208,29
2022,3204,193
2022,3209,282
2022,3210,33
2022,3211,21
2022,3212,298
2022,3213,197
2022,3453,120
2022,3214,299
2022,3216,348
2022,3217,117
2022,3218,162
2022,3219,234
2022,3220,304
2022,3221,185
2022,3222,77
2022,3223,276
2022,3224,256
2022,3225,206
2022,3226,157
2022,3228,216
2022,3229,125
2022,3230,312
2022,3231,18
2022,3232,203
2022,3233,259
2022,3234,14
2022,3235,10
2022,3237,69
2022,3238,85
2022,3239,227
2022,3240,152
2022,3241,177
2022,3242,37
2022,3243,38
2022,3244,275
2022,3245,107
2022,3246,35
2022,3247,147
2022,3248,273
2022,3249,219
2022,3250,145
2022,3251,81
2022,3252,294
2022,3114,166
2022,3253,129
2022,3254,306
2022,3255,194
2022,3418,150
2022,3256,131
2022,3257,5
2022,3260,119
2022,3259,314
2022,3258,232
2022,3261,24
2022,3263,190
2022,3264,174
2022,3265,296
2022,3266,66
2022,3267,156
2022,3268,12
2022,3271,308
2022,3270,303
2022,3272,140
2022,3273,123
2022,3467,309
2022,3274,40
2022,3275,218
2022,3276,17
2022,3277,71
2022,3292,57
2022,3454,191
2022,3278,88
2022,3280,60
2022,3290,346
2022,3281,56
2022,3283,44
2022,3284,271
2022,3285,139
2022,3286,163
2022,3287,350
2022,3288,254
2022,3291,243
2022,3293,103
2022,3298,307
2022,3304,23
2022,3305,146
2022,3306,322
2022,3307,99
2022,3308,264
2022,3309,341
2022,3310,267
2022,3311,345
2022,3312,280
2022,3313,210
2022,3466,266
2022,3314,6
2022,3299,229
2022,3300,339
2022,3301,2
2022,3315,221
2022,3295,204
2022,3316,208
2022,3317,110
2022,3318,202
2022,3319,169
2022,3294,199
2022,3296,212
2022,3320,54
2022,3297,141
2022,3321,65
2022,3322,317
2022,3323,15
2022,3324,225
2022,3325,133
2022,3326,27
2022,3328,36
2022,3329,83
2022,3330,93
2022,3279,25
2022,3303,249
2022,3331,201
2022,3332,13
2022,3333,50
2022,3334,233
2022,3335,167
2022,3336,130
2022,3337,240
2022,3338,97
2022,3339,78
2022,3340,342
2022,3341,326
2022,3342,310
2022,3343,20
2022,3344,170
2022,3345,76
2022,3236,302
2022,3346,132
2022,3347,340
2022,3348,67
2022,3349,176
2022,3350,127
2022,3351,293
2022,3352,272
2022,3353,115
2022,3170,224
2022,3357,321
2022,3382,244
2022,3383,245
2022,3384,331
2022,3385,142
2022,3386,159
2022,3387,175
2022,3388,143
2022,3389,261
2022,3472,315
2022,3358,257
2022,3359,263
2022,3360,95
2022,3361,186
2022,3362,106
2022,3363,323
2022,3365,144
2022,3370,279
2022,3371,87
2022,3373,262
2022,3188,255
2022,3374,114
2022,3375,318
2022,3376,1
2022,3354,354
2022,3367,223
2022,3377,26
2022,3355,30
2022,3378,42
2022,3369,330
2022,3368,211
2022,3380,274
2022,3356,79
2022,3379,187
2022,3381,189
2022,3390,3
2022,3372,61
2022,3391,154
2022,3392,116
2022,3393,108
2022,3470,270
2022,3395,160
2022,3396,118
2022,3397,19
2022,3398,277
2022,3399,149
2022,3404,209
2022,3400,7
2022,3401,51
2022,3394,239
2022,3411,295
2022,3402,237
2022,3403,82
2022,3405,63
2022,3406,84
2022,3407,105
2022,3408,68
2022,3409,101
2022,3412,180
2022,3413,135
2022,3414,138
2022,3415,196
2022,3471,217
2022,3364,200
2022,3416,16
2022,3417,41
2022,3227,333
2022,3419,347
2022,3269,46
2022,3262,286
2022,3420,343
2022,3282,136
2022,3421,324
2022,3422,297
2022,3423,334
2022,3424,75
2022,3425,74
2022,3426,122
2022,3428,28
2022,3429,246
2022,3430,171
2022,3431,188
2022,3410,251
2022,3427,291
2022,3434,226
2022,3435,73
2022,3433,91
2022,3436,181
2022,3437,70
2022,3438,155
2022,3439,9
2022,3447,250
2022,3448,86
2022,3449,94
2022,3450,59
2022,3451,230
2022,3452,62
2022,3441,349
2022,3442,235
2022,3443,172
2022,3444,173
2022,3455,112
2022,3456,292
2022,3457,352
2022,3458,205
2022,3459,231
2022,3460,300
2022,3461,109
2022,3462,241
2022,3463,161
2022,3464,151
2021,3101,249
2021,3102,215
2021,3103,212
2021,3104,36
2021,3105,196
2021,3106,166
2021,3107,266
2021,3108,305
2021,3110,187
2021,3111,231
2021,3112,7
2021,3113,81
2021,3116,24
2021,3117,275
2021,3115,327
2021,3119,259
2021,3120,128
2021,3122,171
2021,3123,143
2021,3124,3
2021,3468,328
2021,3125,64
2021,3126,343
2021,3127,283
2021,3129,140
2021,3130,85
2021,3131,96
2021,3132,65
2021,3133,79
2021,3135,343
2021,3136,316
2021,3137,41
2021,3138,100
2021,3139,269
2021,3140,42
2021,3142,172
2021,3167,224
2021,3168,278
2021,3169,343
2021,3143,238
2021,3465,88
2021,3144,202
2021,3145,338
2021,3146,260
2021,3148,308
2021,3141,90
2021,3158,274
2021,3149,334
2021,3150,106
2021,3151,216
2021,3152,341
2021,3153,151
2021,3155,71
2021,3156,149
2021,3157,322
2021,3159,330
2021,3160,45
2021,3161,87
2021,3162,343
2021,3163,2
2021,3164,333
2021,3165,343
2021,3166,93
2021,3171,343
2021,3172,207
2021,3173,83
2021,3174,62
2021,3175,298
2021,3176,232
2021,3177,73
2021,3178,303
2021,3469,329
2021,3179,51
2021,3180,102
2021,3181,58
2021,3182,222
2021,3187,159
2021,3190,294
2021,3183,211
2021,3184,242
2021,3185,136
2021,3186,292
2021,3189,156
2021,3191,310
2021,3193,169
2021,3192,227
2021,3194,158
2021,3195,43
2021,3198,205
2021,3196,76
2021,3197,343
2021,3199,55
2021,3200,97
2021,3201,82
2021,3202,261
2021,3205,282
2021,3206,307
2021,3203,173
2021,3207,208
2021,3208,15
2021,3204,251
2021,3209,239
2021,3210,31
2021,3211,17
2021,3212,244
2021,3213,165
2021,3453,105
2021,3214,321
2021,3216,319
2021,3217,343
2021,3218,188
2021,3219,182
2021,3220,228
2021,3221,201
2021,3222,67
2021,3223,295
2021,3224,191
2021,3225,133
2021,3226,80
2021,3228,145
2021,3229,69
2021,3230,309
2021,3231,9
2021,3232,280
2021,3233,287
2021,3234,19
2021,3235,25
2021,3237,50
2021,3238,120
2021,3239,325
2021,3240,137
2021,3241,131
2021,3242,92
2021,3243,99
2021,3244,318
2021,3245,164
2021,3246,26
2021,3247,197
2021,3248,184
2021,3249,250
2021,3250,89
2021,3251,135
2021,3252,267
2021,3114,185
2021,3253,150
2021,3254,268
2021,3255,263
2021,3418,147
2021,3256,138
2021,3257,6
2021,3260,155
2021,3259,289
2021,3258,204
2021,3261,66
2021,3263,91
2021,3264,236
2021,3265,110
2021,3266,32
2021,3267,148
2021,3268,4
2021,3271,343
2021,3270,332
2021,3272,233
2021,3273,144
2021,3467,273
2021,3274,74
2021,3275,237
2021,3276,14
2021,3277,34
2021,3292,108
2021,3454,68
2021,3278,126
2021,3280,48
2021,3290,335
2021,3281,47
2021,3283,20
2021,3284,331
2021,3285,247
2021,3286,113
2021,3287,270
2021,3288,243
2021,3291,130
2021,3293,170
2021,3298,248
2021,3304,54
2021,3305,163
2021,3306,315
2021,3307,59
2021,3308,220
2021,3309,337
2021,3310,296
2021,3311,298
2021,3312,285
2021,3313,277
2021,3466,271
2021,3314,38
2021,3299,125
2021,3300,297
2021,3301,11
2021,3315,252
2021,3295,111
2021,3316,234
2021,3317,118
2021,3318,183
2021,3319,180
2021,3294,186
2021,3296,134
2021,3320,63
2021,3297,127
2021,3321,27
2021,3322,343
2021,3323,56
2021,3324,200
2021,3325,95
2021,3326,18
2021,3328,61
2021,3329,21
2021,3330,124
2021,3279,39
2021,3303,213
2021,3331,256
2021,3332,10
2021,3333,29
2021,3334,119
2021,3335,343
2021,3336,84
2021,3337,255
2021,3338,129
2021,3339,161
2021,3340,258
2021,3341,314
2021,3342,253
2021,3343,343
2021,3344,174
2021,3345,109
2021,3236,320
2021,3346,176
2021,3347,302
2021,3348,117
2021,3349,46
2021,3350,141
2021,3351,290
2021,3352,219
2021,3353,12
2021,3170,293
2021,3357,262
2021,3382,245
2021,3383,281
2021,3384,230
2021,3385,139
2021,3386,178
2021,3387,86
2021,3388,203
2021,3389,272
2021,3358,162
2021,3359,168
2021,3360,112
2021,3361,226
2021,3362,101
2021,3363,192
2021,3365,123
2021,3370,276
2021,3371,52
2021,3373,291
2021,3188,306
2021,3374,240
2021,3375,264
2021,3376,5
2021,3354,342
2021,3367,323
2021,3377,35
2021,3355,49
2021,3378,30
2021,3369,157
2021,3368,221
2021,3380,194
2021,3356,177
2021,3379,241
2021,3381,190
2021,3390,1
2021,3372,28
2021,3391,265
2021,3392,115
2021,3393,44
2021,3470,299
2021,3395,98
2021,3396,146
2021,3397,16
2021,3398,340
2021,3399,142
2021,3404,78
2021,3400,22
2021,3401,13
2021,3394,324
2021,3411,312
2021,3402,206
2021,3403,107
2021,3405,167
2021,3406,154
2021,3407,114
2021,3408,57
2021,3409,189
2021,3412,195
2021,3413,75
2021,3414,181
2021,3415,223
2021,3471,257
2021,3364,225
2021,3416,40
2021,3417,8
2021,3227,300
2021,3419,336
2021,3269,94
2021,3262,198
2021,3420,284
2021,3282,218
2021,3421,313
2021,3422,288
2021,3423,279
2021,3424,121
2021,3425,70
2021,3426,175
2021,3428,103
2021,3429,286
2021,3430,217
2021,3431,132
2021,3410,304
2021,3427,317
2021,3434,122
2021,3435,160
2021,3433,116
2021,3436,199
2021,3437,60
2021,3438,229
2021,3439,33
2021,3447,246
2021,3448,53
2021,3449,72
2021,3450,37
2021,3451,311
2021,3452,23
2021,3441,326
2021,3442,235
2021,3443,193
2021,3444,210
2021,3455,153
2021,3456,209
2021,3457,339
2021,3458,152
2021,3459,254
2021,3460,77
2021,3461,104
2021,3462,214
2021,3463,343
2021,3464,179
